COUNTY,PREDICTION_RATE
Autauga,AL,0.4
Baldwin,AL,0.6
Barbour,AL,0.6
Bibb,AL,0.6
Blount,AL,0.6
Bullock,AL,0.4
Butler,AL,0.6
Calhoun,AL,0.6
Chambers,AL,0.6
Cherokee,AL,0.6
Chilton,AL,0.4
Choctaw,AL,0.4
Clarke,AL,0.6
Clay,AL,0.6
Cleburne,AL,0.6
Coffee,AL,0.6
Colbert,AL,0.6
Conecuh,AL,0.6
Coosa,AL,0.6
Covington,AL,0.6
Crenshaw,AL,0.6
Cullman,AL,0.4
Dale,AL,0.4
Dallas,AL,0.6
DeKalb,AL,0.4
Elmore,AL,0.4
Escambia,AL,0.6
Etowah,AL,0.6
Fayette,AL,0.6
Franklin,AL,0.6
Geneva,AL,0.6
Greene,AL,0.6
Hale,AL,0.4
Henry,AL,0.6
Houston,AL,0.2
Jackson,AL,0.4
Jefferson,AL,0.8
Lamar,AL,0.6
Lauderdale,AL,0.4
Lawrence,AL,0.2
Lee,AL,0.6
Limestone,AL,0.4
Lowndes,AL,0.4
Macon,AL,0.4
Madison,AL,0.6
Marengo,AL,0.6
Marion,AL,0.4
Marshall,AL,0.6
Mobile,AL,0.6
Monroe,AL,0.6
Montgomery,AL,0.4
Morgan,AL,0.6
Perry,AL,0.4
Pickens,AL,0.6
Pike,AL,0.6
Randolph,AL,0.6
Russell,AL,0.0
St. Clair,AL,0.4
Shelby,AL,0.6
Sumter,AL,0.4
Talladega,AL,0.6
Tallapoosa,AL,0.6
Tuscaloosa,AL,0.6
Walker,AL,0.6
Washington,AL,0.6
Wilcox,AL,0.4
Winston,AL,0.6
Apache,AZ,0.6
Cochise,AZ,0.6
Coconino,AZ,0.4
Gila,AZ,0.6
Graham,AZ,0.6
Greenlee,AZ,0.6
La Paz,AZ,0.6
Maricopa,AZ,0.6
Mohave,AZ,0.6
Navajo,AZ,0.6
Pima,AZ,0.4
Pinal,AZ,0.6
Santa Cruz,AZ,0.6
Yavapai,AZ,0.6
Yuma,AZ,0.6
Arkansas,AR,0.6
Ashley,AR,0.4
Baxter,AR,0.6
Benton,AR,0.6
Boone,AR,0.8
Bradley,AR,0.2
Calhoun,AR,0.6
Carroll,AR,0.6
Chicot,AR,0.4
Clark,AR,0.2
Clay,AR,0.2
Cleburne,AR,0.6
Cleveland,AR,0.8
Columbia,AR,0.6
Conway,AR,0.6
Craighead,AR,0.4
Crawford,AR,0.4
Crittenden,AR,0.2
Cross,AR,0.4
Dallas,AR,0.4
Desha,AR,0.4
Drew,AR,0.4
Faulkner,AR,0.6
Franklin,AR,0.6
Fulton,AR,0.6
Garland,AR,0.6
Grant,AR,0.6
Greene,AR,0.2
Hempstead,AR,0.2
Hot Spring,AR,0.4
Howard,AR,0.6
Independence,AR,0.6
Izard,AR,0.4
Jackson,AR,0.2
Jefferson,AR,0.6
Johnson,AR,0.6
Lafayette,AR,0.4
Lawrence,AR,0.2
Lee,AR,0.4
Lincoln,AR,0.2
Little River,AR,0.2
Logan,AR,0.6
Lonoke,AR,0.4
Madison,AR,0.6
Marion,AR,0.6
Miller,AR,0.6
Mississippi,AR,0.2
Monroe,AR,0.2
Montgomery,AR,0.6
Nevada,AR,0.4
Newton,AR,0.6
Ouachita,AR,0.4
Perry,AR,0.6
Phillips,AR,0.4
Pike,AR,0.6
Poinsett,AR,0.2
Polk,AR,0.6
Pope,AR,0.4
Prairie,AR,0.6
Pulaski,AR,0.4
Randolph,AR,0.2
St. Francis,AR,0.4
Saline,AR,0.6
Scott,AR,0.6
Searcy,AR,0.8
Sebastian,AR,0.6
Sevier,AR,0.6
Sharp,AR,0.6
Stone,AR,0.6
Union,AR,0.6
Van Buren,AR,0.6
Washington,AR,0.6
White,AR,0.4
Woodruff,AR,0.8
Yell,AR,0.6
Alameda,CA,0.6
Alpine,CA,0.6
Amador,CA,0.6
Butte,CA,0.8
Calaveras,CA,0.4
Colusa,CA,0.6
Contra Costa,CA,0.4
Del Norte,CA,0.6
El Dorado,CA,0.6
Fresno,CA,0.6
Glenn,CA,0.6
Humboldt,CA,0.4
Imperial,CA,0.4
Inyo,CA,0.6
Kern,CA,0.4
Kings,CA,0.6
Lake,CA,0.2
Lassen,CA,0.6
Los Angeles,CA,0.4
Madera,CA,0.6
Marin,CA,0.4
Mariposa,CA,0.6
Mendocino,CA,0.2
Merced,CA,0.8
Modoc,CA,0.2
Mono,CA,0.6
Monterey,CA,0.4
Napa,CA,0.4
Nevada,CA,0.6
Orange,CA,0.4
Placer,CA,0.6
Plumas,CA,0.6
Riverside,CA,0.8
Sacramento,CA,0.4
San Benito,CA,0.2
San Bernardino,CA,0.8
San Diego,CA,0.8
San Francisco,CA,0.6
San Joaquin,CA,0.4
San Luis Obispo,CA,0.8
San Mateo,CA,0.6
Santa Barbara,CA,0.4
Santa Clara,CA,0.4
Santa Cruz,CA,0.4
Shasta,CA,0.6
Sierra,CA,0.4
Siskiyou,CA,0.4
Solano,CA,0.4
Sonoma,CA,0.6
Stanislaus,CA,0.8
Sutter,CA,0.2
Tehama,CA,0.4
Trinity,CA,0.8
Tulare,CA,0.6
Tuolumne,CA,0.4
Ventura,CA,0.8
Yolo,CA,0.4
Yuba,CA,0.6
Adams,CO,0.2
Alamosa,CO,0.8
Arapahoe,CO,0.8
Archuleta,CO,0.6
Baca,CO,0.4
Bent,CO,0.4
Boulder,CO,0.4
Chaffee,CO,0.8
Cheyenne,CO,0.6
Clear Creek,CO,0.6
Conejos,CO,0.8
Costilla,CO,0.6
Crowley,CO,0.2
Custer,CO,0.4
Delta,CO,0.8
Denver,CO,0.6
Dolores,CO,0.6
Douglas,CO,0.6
Eagle,CO,0.4
Elbert,CO,0.6
El Paso,CO,0.2
Fremont,CO,0.6
Garfield,CO,0.4
Gilpin,CO,0.4
Grand,CO,0.6
Gunnison,CO,0.6
Hinsdale,CO,0.6
Huerfano,CO,0.8
Jackson,CO,0.6
Jefferson,CO,0.8
Kiowa,CO,0.4
Kit Carson,CO,0.4
Lake,CO,0.4
La Plata,CO,0.6
Larimer,CO,0.8
Las Animas,CO,0.6
Lincoln,CO,0.4
Logan,CO,0.6
Mesa,CO,0.6
Mineral,CO,0.6
Moffat,CO,0.4
Montezuma,CO,0.6
Montrose,CO,0.6
Morgan,CO,0.6
Otero,CO,0.6
Ouray,CO,0.6
Park,CO,0.6
Phillips,CO,0.4
Pitkin,CO,0.4
Prowers,CO,0.6
Pueblo,CO,0.6
Rio Blanco,CO,0.4
Rio Grande,CO,0.6
Routt,CO,0.6
Saguache,CO,0.0
San Juan,CO,0.6
San Miguel,CO,0.2
Sedgwick,CO,0.4
Summit,CO,0.4
Teller,CO,0.6
Washington,CO,0.4
Weld,CO,0.6
Yuma,CO,0.6
Fairfield,CT,0.4
Hartford,CT,0.4
Litchfield,CT,0.6
Middlesex,CT,0.4
New Haven,CT,0.4
New London,CT,0.4
Tolland,CT,0.4
Windham,CT,0.6
Kent,DE,1.0
New Castle,DE,0.6
Sussex,DE,0.6
District of Columbia,DC,0.8
Alachua,FL,0.4
Baker,FL,0.4
Bay,FL,0.6
Bradford,FL,0.6
Brevard,FL,0.4
Broward,FL,0.4
Calhoun,FL,0.6
Charlotte,FL,0.6
Citrus,FL,0.6
Clay,FL,0.6
Collier,FL,0.4
Columbia,FL,0.4
Desoto,FL,0.6
Dixie,FL,0.6
Duval,FL,0.6
Escambia,FL,0.6
Flagler,FL,0.6
Franklin,FL,0.6
Gadsden,FL,0.4
Gilchrist,FL,0.6
Glades,FL,0.6
Gulf,FL,0.6
Hamilton,FL,0.6
Hardee,FL,0.6
Hendry,FL,0.6
Hernando,FL,0.4
Highlands,FL,0.6
Hillsborough,FL,0.8
Holmes,FL,0.4
Indian River,FL,0.6
Jackson,FL,0.6
Jefferson,FL,0.6
Lafayette,FL,0.4
Lake,FL,0.4
Lee,FL,0.2
Leon,FL,0.4
Levy,FL,0.6
Liberty,FL,0.8
Madison,FL,0.6
Manatee,FL,0.4
Marion,FL,0.4
Martin,FL,0.6
Miami-Dade,FL,0.4
Monroe,FL,0.6
Nassau,FL,0.2
Okaloosa,FL,0.6
Okeechobee,FL,0.6
Orange,FL,0.4
Osceola,FL,0.6
Palm Beach,FL,0.4
Pasco,FL,0.2
Pinellas,FL,0.8
Polk,FL,0.4
Putnam,FL,0.6
St. Johns,FL,0.6
St. Lucie,FL,0.6
Santa Rosa,FL,0.6
Sarasota,FL,0.4
Seminole,FL,0.8
Sumter,FL,0.4
Suwannee,FL,0.6
Taylor,FL,0.6
Union,FL,0.6
Volusia,FL,0.4
Wakulla,FL,0.4
Walton,FL,0.4
Washington,FL,0.6
Appling,GA,0.6
Atkinson,GA,0.4
Bacon,GA,0.4
Baker,GA,0.6
Baldwin,GA,0.8
Banks,GA,0.6
Barrow,GA,0.6
Bartow,GA,0.4
Ben Hill,GA,0.6
Berrien,GA,0.6
Bibb,GA,0.4
Bleckley,GA,0.6
Brantley,GA,0.6
Brooks,GA,0.6
Bryan,GA,0.4
Bulloch,GA,0.6
Burke,GA,0.6
Butts,GA,0.6
Calhoun,GA,0.6
Camden,GA,0.8
Candler,GA,0.6
Carroll,GA,0.4
Catoosa,GA,0.4
Charlton,GA,0.6
Chatham,GA,0.6
Chattahoochee,GA,0.6
Chattooga,GA,0.6
Cherokee,GA,0.6
Clarke,GA,0.4
Clay,GA,0.4
Clayton,GA,0.4
Clinch,GA,0.4
Cobb,GA,0.2
Coffee,GA,0.6
Colquitt,GA,0.6
Columbia,GA,0.4
Cook,GA,0.6
Coweta,GA,0.4
Crawford,GA,0.6
Crisp,GA,0.6
Dade,GA,0.4
Dawson,GA,0.6
Decatur,GA,0.6
DeKalb,GA,0.6
Dodge,GA,0.6
Dooly,GA,0.6
Dougherty,GA,0.4
Douglas,GA,0.8
Early,GA,0.8
Echols,GA,0.4
Effingham,GA,0.6
Elbert,GA,0.6
Emanuel,GA,0.6
Evans,GA,0.6
Fannin,GA,0.6
Fayette,GA,0.6
Floyd,GA,0.6
Forsyth,GA,0.2
Franklin,GA,0.6
Fulton,GA,0.4
Gilmer,GA,0.4
Glascock,GA,0.6
Glynn,GA,0.2
Gordon,GA,0.6
Grady,GA,0.6
Greene,GA,0.6
Gwinnett,GA,0.0
Habersham,GA,0.6
Hall,GA,0.6
Hancock,GA,0.6
Haralson,GA,0.6
Harris,GA,0.8
Hart,GA,0.6
Heard,GA,0.6
Henry,GA,0.4
Houston,GA,0.6
Irwin,GA,0.4
Jackson,GA,0.6
Jasper,GA,0.6
Jeff Davis,GA,0.4
Jefferson,GA,0.4
Jenkins,GA,0.6
Johnson,GA,0.6
Jones,GA,0.6
Lamar,GA,0.6
Lanier,GA,0.0
Laurens,GA,0.6
Lee,GA,0.6
Liberty,GA,0.0
Lincoln,GA,0.6
Long,GA,0.4
Lowndes,GA,0.6
Lumpkin,GA,0.6
McDuffie,GA,0.6
McIntosh,GA,0.4
Macon,GA,0.4
Madison,GA,0.6
Marion,GA,0.4
Meriwether,GA,0.4
Miller,GA,0.4
Mitchell,GA,0.4
Monroe,GA,0.6
Montgomery,GA,0.4
Morgan,GA,0.6
Murray,GA,0.4
Muscogee,GA,0.4
Newton,GA,0.6
Oconee,GA,0.6
Oglethorpe,GA,0.6
Paulding,GA,0.2
Peach,GA,0.8
Pickens,GA,0.8
Pierce,GA,0.4
Pike,GA,0.6
Polk,GA,0.4
Pulaski,GA,0.6
Putnam,GA,0.6
Quitman,GA,0.6
Rabun,GA,0.6
Randolph,GA,0.4
Richmond,GA,0.4
Rockdale,GA,0.6
Schley,GA,0.6
Screven,GA,0.6
Seminole,GA,0.6
Spalding,GA,0.4
Stephens,GA,0.6
Stewart,GA,0.6
Sumter,GA,0.8
Talbot,GA,0.6
Taliaferro,GA,0.4
Tattnall,GA,0.6
Taylor,GA,0.6
Telfair,GA,0.4
Terrell,GA,0.4
Thomas,GA,0.8
Tift,GA,0.6
Toombs,GA,0.6
Towns,GA,0.6
Treutlen,GA,0.2
Troup,GA,0.0
Turner,GA,0.6
Twiggs,GA,0.6
Union,GA,0.6
Upson,GA,0.6
Walker,GA,0.4
Walton,GA,0.4
Ware,GA,0.6
Warren,GA,0.6
Washington,GA,0.6
Wayne,GA,0.6
Webster,GA,0.2
Wheeler,GA,0.6
White,GA,0.6
Whitfield,GA,0.4
Wilcox,GA,0.2
Wilkes,GA,0.6
Wilkinson,GA,0.4
Worth,GA,0.6
Hawaii,HI,0.4
Honolulu,HI,0.2
Kauai,HI,0.6
Maui,HI,0.4
Ada,ID,0.6
Adams,ID,0.4
Bannock,ID,0.6
Bear Lake,ID,0.4
Benewah,ID,0.2
Bingham,ID,0.4
Blaine,ID,0.4
Boise,ID,0.0
Bonner,ID,0.6
Bonneville,ID,0.2
Boundary,ID,0.2
Butte,ID,0.6
Camas,ID,0.6
Canyon,ID,0.6
Caribou,ID,0.4
Cassia,ID,0.6
Clark,ID,0.4
Clearwater,ID,0.2
Custer,ID,0.4
Elmore,ID,0.6
Franklin,ID,0.4
Fremont,ID,0.2
Gem,ID,0.6
Gooding,ID,0.4
Idaho,ID,0.6
Jefferson,ID,0.4
Jerome,ID,0.6
Kootenai,ID,0.6
Latah,ID,0.8
Lemhi,ID,0.2
Lewis,ID,0.4
Lincoln,ID,0.4
Madison,ID,0.6
Minidoka,ID,0.6
Nez Perce,ID,0.2
Oneida,ID,0.4
Owyhee,ID,0.4
Payette,ID,0.6
Power,ID,0.2
Shoshone,ID,0.6
Teton,ID,0.6
Twin Falls,ID,0.4
Valley,ID,0.6
Washington,ID,0.2
Adams,IL,0.6
Alexander,IL,0.6
Bond,IL,0.6
Boone,IL,0.6
Brown,IL,0.6
Bureau,IL,0.8
Calhoun,IL,0.2
Carroll,IL,1.0
Cass,IL,0.8
Champaign,IL,0.4
Christian,IL,0.4
Clark,IL,0.6
Clay,IL,0.6
Clinton,IL,0.4
Coles,IL,0.4
Cook,IL,0.6
Crawford,IL,0.6
Cumberland,IL,0.6
DeKalb,IL,0.8
De Witt,IL,0.6
Douglas,IL,0.6
DuPage,IL,0.8
Edgar,IL,0.6
Edwards,IL,0.2
Effingham,IL,0.6
Fayette,IL,0.6
Ford,IL,0.6
Franklin,IL,0.4
Fulton,IL,0.6
Gallatin,IL,0.4
Greene,IL,0.6
Grundy,IL,0.6
Hamilton,IL,0.4
Hancock,IL,0.6
Hardin,IL,0.6
Henderson,IL,0.6
Henry,IL,0.6
Iroquois,IL,0.6
Jackson,IL,0.2
Jasper,IL,0.4
Jefferson,IL,0.2
Jersey,IL,0.6
Jo Daviess,IL,1.0
Johnson,IL,0.6
Kane,IL,0.8
Kankakee,IL,0.8
Kendall,IL,0.6
Knox,IL,0.4
Lake,IL,0.8
LaSalle,IL,0.6
Lawrence,IL,0.6
Lee,IL,0.6
Livingston,IL,0.2
Logan,IL,0.6
McDonough,IL,0.8
McHenry,IL,0.8
McLean,IL,0.8
Macon,IL,0.6
Macoupin,IL,0.6
Madison,IL,0.4
Marion,IL,0.4
Marshall,IL,0.6
Mason,IL,0.8
Massac,IL,0.6
Menard,IL,0.6
Mercer,IL,0.6
Monroe,IL,0.6
Montgomery,IL,0.6
Morgan,IL,0.6
Moultrie,IL,0.6
Ogle,IL,0.2
Peoria,IL,0.4
Perry,IL,0.4
Piatt,IL,0.6
Pike,IL,0.6
Pope,IL,0.4
Pulaski,IL,0.4
Putnam,IL,0.6
Randolph,IL,0.4
Richland,IL,0.6
Rock Island,IL,0.4
St. Clair,IL,0.4
Saline,IL,0.6
Sangamon,IL,0.8
Schuyler,IL,0.8
Scott,IL,0.2
Shelby,IL,0.6
Stark,IL,0.4
Stephenson,IL,0.0
Tazewell,IL,0.6
Union,IL,0.6
Vermilion,IL,0.8
Wabash,IL,0.6
Warren,IL,1.0
Washington,IL,0.6
Wayne,IL,0.6
White,IL,0.6
Whiteside,IL,0.6
Will,IL,0.8
Williamson,IL,0.4
Winnebago,IL,0.8
Woodford,IL,0.4
Adams,IN,0.6
Allen,IN,0.6
Bartholomew,IN,0.0
Benton,IN,0.4
Blackford,IN,0.6
Boone,IN,0.6
Brown,IN,0.6
Carroll,IN,0.6
Cass,IN,0.6
Clark,IN,0.6
Clay,IN,0.6
Clinton,IN,0.6
Crawford,IN,0.6
Daviess,IN,0.6
Dearborn,IN,0.4
Decatur,IN,0.6
DeKalb,IN,0.4
Delaware,IN,1.0
Dubois,IN,0.2
Elkhart,IN,0.6
Fayette,IN,0.6
Floyd,IN,0.6
Fountain,IN,0.6
Franklin,IN,0.6
Fulton,IN,0.6
Gibson,IN,0.4
Grant,IN,0.2
Greene,IN,0.4
Hamilton,IN,0.6
Hancock,IN,0.2
Harrison,IN,0.6
Hendricks,IN,0.6
Henry,IN,0.2
Howard,IN,0.6
Huntington,IN,0.4
Jackson,IN,0.4
Jasper,IN,0.6
Jay,IN,0.6
Jefferson,IN,0.6
Jennings,IN,0.6
Johnson,IN,0.6
Knox,IN,0.4
Kosciusko,IN,0.4
LaGrange,IN,0.6
Lake,IN,0.6
LaPorte,IN,0.6
Lawrence,IN,0.4
Madison,IN,0.8
Marion,IN,0.6
Marshall,IN,0.4
Martin,IN,0.4
Miami,IN,0.6
Monroe,IN,0.6
Montgomery,IN,0.2
Morgan,IN,0.2
Newton,IN,0.6
Noble,IN,0.4
Ohio,IN,0.4
Orange,IN,0.6
Owen,IN,0.6
Parke,IN,0.6
Perry,IN,0.8
Pike,IN,0.6
Porter,IN,1.0
Posey,IN,0.6
Pulaski,IN,0.6
Putnam,IN,0.4
Randolph,IN,0.6
Ripley,IN,0.6
Rush,IN,0.6
St. Joseph,IN,0.6
Scott,IN,0.4
Shelby,IN,0.6
Spencer,IN,0.8
Starke,IN,0.8
Steuben,IN,0.4
Sullivan,IN,0.6
Switzerland,IN,0.4
Tippecanoe,IN,0.8
Tipton,IN,0.6
Union,IN,0.2
Vanderburgh,IN,0.8
Vermillion,IN,0.6
Vigo,IN,1.0
Wabash,IN,0.6
Warren,IN,0.4
Warrick,IN,0.2
Washington,IN,0.6
Wayne,IN,0.4
Wells,IN,0.4
White,IN,0.6
Whitley,IN,0.6
Adair,IA,0.6
Adams,IA,0.2
Allamakee,IA,1.0
Appanoose,IA,0.6
Audubon,IA,0.8
Benton,IA,0.4
Black Hawk,IA,0.4
Boone,IA,0.6
Bremer,IA,1.0
Buchanan,IA,0.6
Buena Vista,IA,0.6
Butler,IA,0.6
Calhoun,IA,0.6
Carroll,IA,0.8
Cass,IA,0.6
Cedar,IA,0.8
Cerro Gordo,IA,0.4
Cherokee,IA,0.6
Chickasaw,IA,0.6
Clarke,IA,0.6
Clay,IA,0.6
Clayton,IA,0.6
Clinton,IA,0.4
Crawford,IA,0.8
Dallas,IA,0.4
Davis,IA,0.4
Decatur,IA,0.6
Delaware,IA,0.8
Des Moines,IA,0.6
Dickinson,IA,0.6
Dubuque,IA,0.6
Emmet,IA,0.8
Fayette,IA,0.8
Floyd,IA,0.6
Franklin,IA,0.8
Fremont,IA,0.4
Greene,IA,0.6
Grundy,IA,0.6
Guthrie,IA,0.6
Hamilton,IA,0.8
Hancock,IA,0.6
Hardin,IA,0.8
Harrison,IA,0.6
Henry,IA,0.6
Howard,IA,0.6
Humboldt,IA,0.6
Ida,IA,0.4
Iowa,IA,0.8
Jackson,IA,0.6
Jasper,IA,0.4
Jefferson,IA,0.8
Johnson,IA,0.4
Jones,IA,0.6
Keokuk,IA,0.6
Kossuth,IA,0.8
Lee,IA,0.6
Linn,IA,0.4
Louisa,IA,0.8
Lucas,IA,0.6
Lyon,IA,0.4
Madison,IA,0.6
Mahaska,IA,0.6
Marion,IA,0.4
Marshall,IA,0.6
Mills,IA,0.6
Mitchell,IA,0.6
Monona,IA,0.6
Monroe,IA,0.6
Montgomery,IA,0.6
Muscatine,IA,0.2
O'Brien,IA,0.6
Osceola,IA,0.2
Page,IA,0.6
Palo Alto,IA,0.8
Plymouth,IA,0.6
Pocahontas,IA,0.4
Polk,IA,0.4
Pottawattamie,IA,0.6
Poweshiek,IA,0.8
Ringgold,IA,0.4
Sac,IA,0.6
Scott,IA,0.4
Shelby,IA,0.6
Sioux,IA,0.4
Story,IA,0.4
Tama,IA,0.6
Taylor,IA,0.4
Union,IA,1.0
Van Buren,IA,0.4
Wapello,IA,0.6
Warren,IA,0.8
Washington,IA,0.6
Wayne,IA,0.4
Webster,IA,0.4
Winnebago,IA,0.6
Winneshiek,IA,0.8
Woodbury,IA,0.8
Worth,IA,0.6
Wright,IA,0.6
Allen,KS,0.6
Anderson,KS,0.6
Atchison,KS,0.6
Barber,KS,0.4
Barton,KS,0.6
Bourbon,KS,0.6
Brown,KS,0.4
Butler,KS,0.4
Chase,KS,0.4
Chautauqua,KS,0.4
Cherokee,KS,0.6
Cheyenne,KS,0.4
Clark,KS,0.4
Clay,KS,0.2
Cloud,KS,0.6
Coffey,KS,0.6
Comanche,KS,0.6
Cowley,KS,0.6
Crawford,KS,0.8
Decatur,KS,0.4
Dickinson,KS,0.6
Doniphan,KS,0.6
Douglas,KS,0.4
Edwards,KS,0.2
Elk,KS,0.4
Ellis,KS,0.6
Ellsworth,KS,0.4
Finney,KS,0.6
Ford,KS,0.6
Franklin,KS,0.6
Geary,KS,0.6
Gove,KS,0.4
Graham,KS,0.4
Grant,KS,0.4
Gray,KS,0.4
Greeley,KS,0.4
Greenwood,KS,0.6
Hamilton,KS,0.6
Harper,KS,0.4
Harvey,KS,0.6
Haskell,KS,0.4
Hodgeman,KS,0.6
Jackson,KS,0.6
Jefferson,KS,0.6
Jewell,KS,0.4
Johnson,KS,0.2
Kearny,KS,0.4
Kingman,KS,0.4
Kiowa,KS,0.2
Labette,KS,0.6
Lane,KS,0.6
Leavenworth,KS,0.4
Lincoln,KS,0.4
Linn,KS,0.4
Logan,KS,0.4
Lyon,KS,0.6
McPherson,KS,0.6
Marion,KS,0.6
Marshall,KS,0.6
Meade,KS,0.4
Miami,KS,0.4
Mitchell,KS,0.4
Montgomery,KS,0.6
Morris,KS,0.4
Morton,KS,0.6
Nemaha,KS,0.4
Neosho,KS,0.6
Ness,KS,0.4
Norton,KS,0.4
Osage,KS,0.6
Osborne,KS,0.4
Ottawa,KS,0.4
Pawnee,KS,0.4
Phillips,KS,0.4
Pottawatomie,KS,0.6
Pratt,KS,0.6
Rawlins,KS,0.4
Reno,KS,0.4
Republic,KS,0.4
Rice,KS,0.6
Riley,KS,0.2
Rooks,KS,0.4
Rush,KS,0.4
Russell,KS,0.4
Saline,KS,0.4
Scott,KS,0.4
Sedgwick,KS,0.6
Seward,KS,0.6
Shawnee,KS,0.6
Sheridan,KS,0.4
Sherman,KS,0.4
Smith,KS,0.4
Stafford,KS,0.4
Stanton,KS,0.6
Stevens,KS,0.4
Sumner,KS,0.6
Thomas,KS,0.4
Trego,KS,0.4
Wabaunsee,KS,0.6
Wallace,KS,0.8
Washington,KS,0.4
Wichita,KS,0.6
Wilson,KS,0.6
Woodson,KS,0.6
Wyandotte,KS,0.4
Adair,KY,0.6
Allen,KY,0.6
Anderson,KY,0.6
Ballard,KY,0.2
Barren,KY,0.6
Bath,KY,0.4
Bell,KY,0.6
Boone,KY,0.4
Bourbon,KY,0.6
Boyd,KY,0.6
Boyle,KY,0.6
Bracken,KY,0.2
Breathitt,KY,0.2
Breckinridge,KY,0.6
Bullitt,KY,0.2
Butler,KY,0.4
Caldwell,KY,0.6
Calloway,KY,0.4
Campbell,KY,0.6
Carlisle,KY,0.8
Carroll,KY,0.6
Carter,KY,0.4
Casey,KY,0.4
Christian,KY,0.4
Clark,KY,0.4
Clay,KY,0.4
Clinton,KY,0.6
Crittenden,KY,0.6
Cumberland,KY,0.4
Daviess,KY,0.6
Edmonson,KY,0.4
Elliott,KY,0.6
Estill,KY,0.6
Fayette,KY,0.8
Fleming,KY,0.6
Floyd,KY,0.4
Franklin,KY,0.6
Fulton,KY,0.2
Gallatin,KY,0.4
Garrard,KY,0.6
Grant,KY,0.6
Graves,KY,0.8
Grayson,KY,0.6
Green,KY,0.4
Greenup,KY,0.4
Hancock,KY,0.8
Hardin,KY,0.6
Harlan,KY,0.4
Harrison,KY,0.6
Hart,KY,0.6
Henderson,KY,0.2
Henry,KY,0.6
Hickman,KY,0.4
Hopkins,KY,0.6
Jackson,KY,0.6
Jefferson,KY,0.4
Jessamine,KY,0.4
Johnson,KY,0.6
Kenton,KY,0.6
Knott,KY,0.2
Knox,KY,0.6
Larue,KY,0.6
Laurel,KY,0.4
Lawrence,KY,0.6
Lee,KY,0.4
Leslie,KY,0.8
Letcher,KY,0.4
Lewis,KY,0.4
Lincoln,KY,0.6
Livingston,KY,0.4
Logan,KY,0.6
Lyon,KY,0.6
McCracken,KY,0.4
McCreary,KY,0.4
McLean,KY,0.4
Madison,KY,0.4
Magoffin,KY,0.4
Marion,KY,0.6
Marshall,KY,0.6
Martin,KY,0.8
Mason,KY,0.6
Meade,KY,0.6
Menifee,KY,0.4
Mercer,KY,0.6
Metcalfe,KY,0.4
Monroe,KY,0.6
Montgomery,KY,0.6
Morgan,KY,0.6
Muhlenberg,KY,0.4
Nelson,KY,0.6
Nicholas,KY,0.4
Ohio,KY,0.6
Oldham,KY,0.4
Owen,KY,0.6
Owsley,KY,0.4
Pendleton,KY,0.6
Perry,KY,0.4
Pike,KY,0.4
Powell,KY,0.6
Pulaski,KY,0.4
Robertson,KY,0.6
Rockcastle,KY,0.4
Rowan,KY,0.6
Russell,KY,0.6
Scott,KY,0.6
Shelby,KY,0.6
Simpson,KY,0.6
Spencer,KY,0.6
Taylor,KY,0.6
Todd,KY,0.6
Trigg,KY,0.6
Trimble,KY,0.4
Union,KY,0.6
Warren,KY,0.6
Washington,KY,0.6
Wayne,KY,0.6
Webster,KY,0.6
Whitley,KY,0.8
Wolfe,KY,0.6
Woodford,KY,0.6
Acadia,LA,0.4
Allen,LA,0.6
Ascension,LA,0.6
Assumption,LA,0.2
Avoyelles,LA,0.8
Beauregard,LA,0.8
Bienville,LA,0.4
Bossier,LA,0.6
Caddo,LA,0.6
Calcasieu,LA,0.6
Caldwell,LA,0.4
Cameron,LA,1.0
Catahoula,LA,0.6
Claiborne,LA,0.6
Concordia,LA,0.6
De Soto,LA,0.6
East Baton Rouge,LA,0.8
East Carroll,LA,0.4
East Feliciana,LA,0.6
Evangeline,LA,0.6
Franklin,LA,0.6
Grant,LA,0.6
Iberia,LA,0.6
Iberville,LA,0.4
Jackson,LA,0.6
Jefferson,LA,0.4
Jefferson Davis,LA,0.6
Lafayette,LA,0.6
Lafourche,LA,0.8
La Salle,LA,0.8
Lincoln,LA,0.6
Livingston,LA,0.6
Madison,LA,0.4
Morehouse,LA,0.6
Natchitoches,LA,0.6
Orleans,LA,0.6
Ouachita,LA,0.6
Plaquemines,LA,0.6
Pointe Coupee,LA,0.2
Rapides,LA,0.6
Red River,LA,0.6
Richland,LA,0.6
Sabine,LA,0.6
St. Bernard,LA,0.2
St. Charles,LA,0.4
St. Helena,LA,0.4
St. James,LA,0.4
St. John the Baptist,LA,0.4
St. Landry,LA,0.4
St. Martin,LA,0.8
St. Mary,LA,0.4
St. Tammany,LA,0.6
Tangipahoa,LA,0.6
Tensas,LA,0.4
Terrebonne,LA,0.6
Union,LA,0.6
Vermilion,LA,0.4
Vernon,LA,0.6
Washington,LA,0.6
Webster,LA,0.6
West Baton Rouge,LA,0.4
West Carroll,LA,0.8
West Feliciana,LA,0.6
Winn,LA,0.6
Androscoggin,ME,0.6
Aroostook,ME,0.6
Cumberland,ME,0.2
Franklin,ME,0.4
Hancock,ME,0.4
Kennebec,ME,0.6
Knox,ME,0.4
Lincoln,ME,0.6
Oxford,ME,0.6
Penobscot,ME,0.8
Piscataquis,ME,0.6
Sagadahoc,ME,0.4
Somerset,ME,0.4
Waldo,ME,0.2
Washington,ME,1.0
York,ME,0.4
Allegany,MD,0.6
Anne Arundel,MD,0.2
Baltimore,MD,0.4
Calvert,MD,0.6
Caroline,MD,0.6
Carroll,MD,0.6
Cecil,MD,0.6
Charles,MD,0.4
Dorchester,MD,0.6
Frederick,MD,0.6
Garrett,MD,0.4
Harford,MD,0.6
Howard,MD,0.6
Kent,MD,0.8
Montgomery,MD,0.6
Prince George's,MD,0.4
Queen Anne's,MD,0.6
St. Mary's,MD,0.6
Somerset,MD,0.6
Talbot,MD,0.6
Washington,MD,0.6
Wicomico,MD,0.6
Worcester,MD,0.0
Baltimore City,MD,0.6
Barnstable,MA,0.4
Berkshire,MA,0.4
Bristol,MA,0.4
Dukes,MA,0.4
Essex,MA,0.4
Franklin,MA,0.0
Hampden,MA,0.6
Hampshire,MA,0.4
Middlesex,MA,0.4
Nantucket,MA,0.4
Norfolk,MA,0.4
Plymouth,MA,0.6
Suffolk,MA,0.6
Worcester,MA,0.4
Alcona,MI,0.6
Alger,MI,0.6
Allegan,MI,0.6
Alpena,MI,0.6
Antrim,MI,0.6
Arenac,MI,0.4
Baraga,MI,0.6
Barry,MI,0.2
Bay,MI,0.6
Benzie,MI,0.8
Berrien,MI,0.8
Branch,MI,0.4
Calhoun,MI,0.8
Cass,MI,0.4
Charlevoix,MI,0.6
Cheboygan,MI,0.6
Chippewa,MI,0.6
Clare,MI,0.6
Clinton,MI,0.8
Crawford,MI,0.6
Delta,MI,0.6
Dickinson,MI,0.6
Eaton,MI,1.0
Emmet,MI,0.4
Genesee,MI,0.6
Gladwin,MI,0.8
Gogebic,MI,0.6
Grand Traverse,MI,0.6
Gratiot,MI,0.8
Hillsdale,MI,0.4
Houghton,MI,0.6
Huron,MI,0.4
Ingham,MI,0.4
Ionia,MI,0.2
Iosco,MI,0.6
Iron,MI,0.6
Isabella,MI,0.6
Jackson,MI,0.8
Kalamazoo,MI,0.4
Kalkaska,MI,0.6
Kent,MI,0.6
Keweenaw,MI,0.6
Lake,MI,0.6
Lapeer,MI,0.6
Leelanau,MI,0.8
Lenawee,MI,0.8
Livingston,MI,0.6
Luce,MI,0.4
Mackinac,MI,0.6
Macomb,MI,0.8
Manistee,MI,0.8
Marquette,MI,0.4
Mason,MI,0.8
Mecosta,MI,0.4
Menominee,MI,0.8
Midland,MI,0.6
Missaukee,MI,0.6
Monroe,MI,0.8
Montcalm,MI,0.2
Montmorency,MI,0.6
Muskegon,MI,0.4
Newaygo,MI,0.2
Oakland,MI,0.4
Oceana,MI,0.8
Ogemaw,MI,0.6
Ontonagon,MI,0.8
Osceola,MI,0.6
Oscoda,MI,0.6
Otsego,MI,0.6
Ottawa,MI,0.6
Presque Isle,MI,0.8
Roscommon,MI,0.6
Saginaw,MI,0.6
St. Clair,MI,0.8
St. Joseph,MI,0.0
Sanilac,MI,0.4
Schoolcraft,MI,0.8
Shiawassee,MI,1.0
Tuscola,MI,0.4
Van Buren,MI,1.0
Washtenaw,MI,0.4
Wayne,MI,0.4
Wexford,MI,0.4
Aitkin,MN,0.6
Anoka,MN,0.6
Becker,MN,0.4
Beltrami,MN,0.2
Benton,MN,0.6
Big Stone,MN,0.2
Blue Earth,MN,0.8
Brown,MN,0.6
Carlton,MN,0.2
Carver,MN,0.6
Cass,MN,0.6
Chippewa,MN,0.8
Chisago,MN,0.2
Clay,MN,1.0
Clearwater,MN,0.6
Cook,MN,0.6
Cottonwood,MN,0.6
Crow Wing,MN,0.6
Dakota,MN,1.0
Dodge,MN,0.6
Douglas,MN,0.6
Faribault,MN,0.6
Fillmore,MN,0.6
Freeborn,MN,0.6
Goodhue,MN,0.2
Grant,MN,0.8
Hennepin,MN,0.4
Houston,MN,1.0
Hubbard,MN,0.6
Isanti,MN,0.6
Itasca,MN,0.6
Jackson,MN,0.6
Kanabec,MN,0.6
Kandiyohi,MN,0.2
Kittson,MN,0.6
Koochiching,MN,0.8
Lac Qui Parle,MN,0.6
Lake,MN,0.4
Lake of the Woods,MN,0.4
Le Sueur,MN,0.6
Lincoln,MN,0.4
Lyon,MN,0.6
McLeod,MN,0.6
Mahnomen,MN,0.2
Marshall,MN,0.8
Martin,MN,0.6
Meeker,MN,0.6
Mille Lacs,MN,0.6
Morrison,MN,0.6
Mower,MN,0.6
Murray,MN,0.8
Nicollet,MN,0.8
Nobles,MN,0.6
Norman,MN,0.8
Olmsted,MN,0.8
Otter Tail,MN,0.2
Pennington,MN,0.8
Pine,MN,0.4
Pipestone,MN,0.6
Polk,MN,0.8
Pope,MN,0.8
Ramsey,MN,0.6
Red Lake,MN,0.0
Redwood,MN,0.6
Renville,MN,0.6
Rice,MN,0.6
Rock,MN,0.6
Roseau,MN,0.6
Saint Louis,MN,0.4
Scott,MN,0.6
Sherburne,MN,0.6
Sibley,MN,0.6
Stearns,MN,0.6
Steele,MN,0.4
Stevens,MN,0.8
Swift,MN,0.6
Todd,MN,0.6
Traverse,MN,0.4
Wabasha,MN,0.6
Wadena,MN,0.6
Waseca,MN,0.6
Washington,MN,0.8
Watonwan,MN,0.8
Wilkin,MN,0.4
Winona,MN,0.6
Wright,MN,0.6
Yellow Medicine,MN,0.8
Adams,MS,0.4
Alcorn,MS,0.8
Amite,MS,0.6
Attala,MS,0.6
Benton,MS,0.4
Bolivar,MS,0.0
Calhoun,MS,0.6
Carroll,MS,0.6
Chickasaw,MS,1.0
Choctaw,MS,0.6
Claiborne,MS,0.6
Clarke,MS,0.6
Clay,MS,0.4
Coahoma,MS,0.4
Copiah,MS,0.8
Covington,MS,0.6
DeSoto,MS,0.4
Forrest,MS,0.2
Franklin,MS,0.6
George,MS,0.6
Greene,MS,0.4
Grenada,MS,0.6
Hancock,MS,0.6
Harrison,MS,0.6
Hinds,MS,0.4
Holmes,MS,0.4
Humphreys,MS,0.4
Issaquena,MS,0.4
Itawamba,MS,0.6
Jackson,MS,0.6
Jasper,MS,0.6
Jefferson,MS,0.6
Jefferson Davis,MS,0.4
Jones,MS,0.4
Kemper,MS,0.4
Lafayette,MS,0.8
Lamar,MS,0.4
Lauderdale,MS,0.4
Lawrence,MS,0.6
Leake,MS,0.6
Lee,MS,0.2
Leflore,MS,0.4
Lincoln,MS,0.8
Lowndes,MS,0.2
Madison,MS,0.6
Marion,MS,0.6
Marshall,MS,0.4
Monroe,MS,0.6
Montgomery,MS,0.6
Neshoba,MS,0.6
Newton,MS,0.6
Noxubee,MS,0.4
Oktibbeha,MS,0.8
Panola,MS,0.8
Pearl River,MS,0.4
Perry,MS,0.6
Pike,MS,0.8
Pontotoc,MS,0.4
Prentiss,MS,0.6
Quitman,MS,0.4
Rankin,MS,0.4
Scott,MS,0.6
Sharkey,MS,0.2
Simpson,MS,0.6
Smith,MS,0.6
Stone,MS,0.6
Sunflower,MS,0.4
Tallahatchie,MS,0.4
Tate,MS,0.6
Tippah,MS,0.6
Tishomingo,MS,0.4
Tunica,MS,0.8
Union,MS,0.6
Walthall,MS,0.6
Warren,MS,0.4
Washington,MS,0.6
Wayne,MS,0.6
Webster,MS,0.6
Wilkinson,MS,0.4
Winston,MS,0.6
Yalobusha,MS,0.4
Yazoo,MS,0.8
Adair,MO,0.6
Andrew,MO,0.6
Atchison,MO,0.6
Audrain,MO,0.6
Barry,MO,0.4
Barton,MO,0.4
Bates,MO,0.6
Benton,MO,0.6
Bollinger,MO,0.4
Boone,MO,0.6
Buchanan,MO,0.6
Butler,MO,0.6
Caldwell,MO,0.4
Callaway,MO,0.6
Camden,MO,0.4
Cape Girardeau,MO,0.4
Carroll,MO,0.4
Carter,MO,0.4
Cass,MO,0.6
Cedar,MO,0.6
Chariton,MO,0.4
Christian,MO,0.2
Clark,MO,0.4
Clay,MO,0.4
Clinton,MO,0.6
Cole,MO,0.6
Cooper,MO,0.6
Crawford,MO,0.6
Dade,MO,0.6
Dallas,MO,0.6
Daviess,MO,0.4
DeKalb,MO,0.4
Dent,MO,0.4
Douglas,MO,0.4
Dunklin,MO,0.6
Franklin,MO,0.6
Gasconade,MO,0.6
Gentry,MO,0.6
Greene,MO,0.6
Grundy,MO,0.4
Harrison,MO,0.6
Henry,MO,0.6
Hickory,MO,0.6
Holt,MO,0.4
Howard,MO,0.6
Howell,MO,0.6
Iron,MO,0.6
Jackson,MO,0.4
Jasper,MO,0.6
Jefferson,MO,0.6
Johnson,MO,0.6
Knox,MO,0.4
Laclede,MO,0.6
Lafayette,MO,0.4
Lawrence,MO,0.6
Lewis,MO,0.4
Lincoln,MO,0.4
Linn,MO,0.6
Livingston,MO,0.6
McDonald,MO,0.6
Macon,MO,0.6
Madison,MO,0.6
Maries,MO,0.4
Marion,MO,0.6
Mercer,MO,0.4
Miller,MO,0.6
Mississippi,MO,0.4
Moniteau,MO,0.6
Monroe,MO,0.4
Montgomery,MO,0.6
Morgan,MO,0.6
New Madrid,MO,0.4
Newton,MO,0.4
Nodaway,MO,0.6
Oregon,MO,0.4
Osage,MO,0.4
Ozark,MO,0.4
Pemiscot,MO,0.4
Perry,MO,0.6
Pettis,MO,0.6
Phelps,MO,0.6
Pike,MO,0.6
Platte,MO,0.6
Polk,MO,0.4
Pulaski,MO,0.6
Putnam,MO,0.4
Ralls,MO,0.6
Randolph,MO,0.6
Ray,MO,0.4
Reynolds,MO,0.4
Ripley,MO,0.4
St. Charles,MO,0.8
St. Clair,MO,0.4
Ste. Genevieve,MO,0.4
St. Francois,MO,0.6
St. Louis County,MO,0.4
Saline,MO,0.4
Schuyler,MO,0.4
Scotland,MO,0.4
Scott,MO,0.6
Shannon,MO,0.4
Shelby,MO,0.6
Stoddard,MO,0.4
Stone,MO,0.6
Sullivan,MO,0.6
Taney,MO,0.6
Texas,MO,0.6
Vernon,MO,0.6
Warren,MO,0.4
Washington,MO,0.6
Wayne,MO,0.4
Webster,MO,0.6
Worth,MO,0.6
Wright,MO,0.6
St. Louis City,MO,0.4
Beaverhead,MT,0.4
Big Horn,MT,0.4
Blaine,MT,1.0
Broadwater,MT,0.4
Carbon,MT,0.6
Carter,MT,0.4
Cascade,MT,0.8
Chouteau,MT,0.2
Custer,MT,0.6
Daniels,MT,0.6
Dawson,MT,0.4
Deer Lodge,MT,0.4
Fallon,MT,0.4
Fergus,MT,0.6
Flathead,MT,0.4
Gallatin,MT,0.6
Garfield,MT,0.8
Glacier,MT,0.4
Golden Valley,MT,0.2
Granite,MT,0.4
Hill,MT,1.0
Jefferson,MT,0.6
Judith Basin,MT,0.4
Lake,MT,0.8
Lewis and Clark,MT,0.6
Liberty,MT,0.6
Lincoln,MT,0.6
McCone,MT,0.6
Madison,MT,0.2
Meagher,MT,0.6
Mineral,MT,0.4
Missoula,MT,0.6
Musselshell,MT,0.4
Park,MT,0.6
Petroleum,MT,0.4
Phillips,MT,0.4
Pondera,MT,0.2
Powder River,MT,0.6
Powell,MT,0.2
Prairie,MT,0.6
Ravalli,MT,0.4
Richland,MT,0.4
Roosevelt,MT,0.6
Rosebud,MT,0.6
Sanders,MT,0.6
Sheridan,MT,0.2
Silver Bow,MT,0.0
Stillwater,MT,0.2
Sweet Grass,MT,0.4
Teton,MT,0.2
Toole,MT,0.4
Treasure,MT,0.4
Valley,MT,0.4
Wheatland,MT,0.6
Wibaux,MT,0.6
Yellowstone,MT,0.6
Adams,NE,0.6
Antelope,NE,0.4
Arthur,NE,0.8
Banner,NE,0.6
Blaine,NE,0.4
Boone,NE,0.4
Box Butte,NE,0.4
Boyd,NE,0.6
Brown,NE,0.4
Buffalo,NE,0.4
Burt,NE,0.4
Butler,NE,0.4
Cass,NE,0.6
Cedar,NE,0.6
Chase,NE,0.4
Cherry,NE,0.4
Cheyenne,NE,0.0
Clay,NE,0.4
Colfax,NE,0.2
Cuming,NE,0.0
Custer,NE,0.2
Dakota,NE,0.6
Dawes,NE,0.2
Dawson,NE,0.6
Deuel,NE,0.6
Dixon,NE,0.4
Dodge,NE,0.4
Douglas,NE,0.2
Dundy,NE,0.4
Fillmore,NE,0.4
Franklin,NE,0.4
Frontier,NE,0.4
Furnas,NE,0.4
Gage,NE,0.6
Garden,NE,0.6
Garfield,NE,0.6
Gosper,NE,0.6
Grant,NE,0.4
Greeley,NE,0.6
Hall,NE,0.4
Hamilton,NE,0.4
Harlan,NE,0.4
Hayes,NE,0.6
Hitchcock,NE,0.4
Holt,NE,0.2
Hooker,NE,0.4
Howard,NE,0.2
Jefferson,NE,0.4
Johnson,NE,0.4
Kearney,NE,0.4
Keith,NE,0.4
Keya Paha,NE,0.4
Kimball,NE,0.4
Knox,NE,0.4
Lancaster,NE,0.6
Lincoln,NE,0.6
Logan,NE,0.6
Loup,NE,0.4
McPherson,NE,0.6
Madison,NE,0.4
Merrick,NE,0.4
Morrill,NE,0.4
Nance,NE,0.4
Nemaha,NE,0.4
Nuckolls,NE,0.4
Otoe,NE,0.6
Pawnee,NE,0.6
Perkins,NE,0.4
Phelps,NE,0.2
Pierce,NE,0.4
Platte,NE,0.4
Polk,NE,0.4
Red Willow,NE,0.6
Richardson,NE,0.4
Rock,NE,0.4
Saline,NE,0.8
Sarpy,NE,0.6
Saunders,NE,0.6
Scotts Bluff,NE,0.2
Seward,NE,0.6
Sheridan,NE,0.4
Sherman,NE,0.0
Sioux,NE,0.2
Stanton,NE,0.4
Thayer,NE,0.4
Thomas,NE,0.6
Thurston,NE,0.0
Valley,NE,0.4
Washington,NE,0.6
Wayne,NE,0.4
Webster,NE,0.4
Wheeler,NE,0.4
York,NE,0.6
Churchill,NV,0.6
Clark,NV,0.4
Douglas,NV,0.2
Elko,NV,0.4
Esmeralda,NV,0.4
Eureka,NV,0.4
Humboldt,NV,0.6
Lander,NV,0.4
Lincoln,NV,0.4
Lyon,NV,0.6
Mineral,NV,0.2
Nye,NV,0.6
Pershing,NV,0.4
Storey,NV,0.2
Washoe,NV,0.8
White Pine,NV,0.6
Carson City,NV,0.2
Belknap,NH,0.8
Carroll,NH,0.6
Cheshire,NH,0.4
Coos,NH,0.8
Grafton,NH,0.4
Hillsborough,NH,0.4
Merrimack,NH,0.4
Rockingham,NH,0.8
Strafford,NH,0.4
Sullivan,NH,0.4
Atlantic,NJ,0.4
Bergen,NJ,0.4
Burlington,NJ,0.4
Camden,NJ,0.6
Cape May,NJ,0.6
Cumberland,NJ,0.4
Essex,NJ,0.6
Gloucester,NJ,0.6
Hudson,NJ,0.6
Hunterdon,NJ,0.6
Mercer,NJ,0.2
Middlesex,NJ,0.6
Monmouth,NJ,0.4
Morris,NJ,0.2
Ocean,NJ,0.2
Passaic,NJ,0.2
Salem,NJ,0.8
Somerset,NJ,0.8
Sussex,NJ,0.6
Union,NJ,0.6
Warren,NJ,0.6
Bernalillo,NM,0.6
Catron,NM,0.4
Chaves,NM,0.4
Cibola,NM,0.4
Colfax,NM,0.8
Curry,NM,0.4
De Baca,NM,0.6
Dona Ana,NM,0.4
Eddy,NM,0.4
Grant,NM,0.4
Guadalupe,NM,0.4
Harding,NM,0.6
Hidalgo,NM,0.8
Lea,NM,0.4
Lincoln,NM,0.6
Los Alamos,NM,0.8
Luna,NM,0.8
McKinley,NM,0.6
Mora,NM,0.6
Otero,NM,0.4
Quay,NM,0.6
Rio Arriba,NM,0.0
Roosevelt,NM,0.6
Sandoval,NM,0.8
San Juan,NM,0.6
San Miguel,NM,0.2
Santa Fe,NM,0.4
Sierra,NM,0.6
Socorro,NM,0.4
Taos,NM,0.4
Torrance,NM,0.6
Union,NM,0.4
Valencia,NM,0.8
Albany,NY,0.4
Allegany,NY,0.2
Bronx,NY,0.8
Broome,NY,0.6
Cattaraugus,NY,0.4
Cayuga,NY,0.6
Chautauqua,NY,0.8
Chemung,NY,0.8
Chenango,NY,0.0
Clinton,NY,0.2
Columbia,NY,0.4
Cortland,NY,0.8
Delaware,NY,0.2
Dutchess,NY,0.8
Erie,NY,0.4
Essex,NY,0.8
Franklin,NY,0.4
Fulton,NY,0.2
Genesee,NY,0.4
Greene,NY,0.2
Hamilton,NY,0.4
Herkimer,NY,0.4
Jefferson,NY,0.6
Kings,NY,0.6
Lewis,NY,0.6
Livingston,NY,0.6
Madison,NY,1.0
Monroe,NY,0.4
Montgomery,NY,0.6
Nassau,NY,0.4
New York,NY,0.4
Niagara,NY,0.6
Oneida,NY,0.6
Onondaga,NY,0.6
Ontario,NY,0.8
Orange,NY,1.0
Orleans,NY,0.4
Oswego,NY,1.0
Otsego,NY,1.0
Putnam,NY,0.6
Queens,NY,0.4
Rensselaer,NY,0.6
Richmond,NY,0.4
Rockland,NY,0.4
St. Lawrence,NY,0.6
Saratoga,NY,1.0
Schenectady,NY,0.4
Schoharie,NY,0.6
Schuyler,NY,0.6
Seneca,NY,0.8
Steuben,NY,0.6
Suffolk,NY,0.6
Sullivan,NY,0.6
Tioga,NY,0.2
Tompkins,NY,0.4
Ulster,NY,0.4
Warren,NY,1.0
Washington,NY,0.4
Wayne,NY,0.6
Westchester,NY,0.4
Wyoming,NY,0.2
Yates,NY,0.6
Alamance,NC,0.6
Alexander,NC,0.6
Alleghany,NC,0.6
Anson,NC,0.4
Ashe,NC,0.6
Avery,NC,0.6
Beaufort,NC,0.4
Bertie,NC,0.4
Bladen,NC,0.8
Brunswick,NC,0.6
Buncombe,NC,0.8
Burke,NC,0.6
Cabarrus,NC,0.6
Caldwell,NC,0.0
Camden,NC,0.6
Carteret,NC,0.0
Caswell,NC,0.8
Catawba,NC,0.6
Chatham,NC,0.4
Cherokee,NC,0.4
Chowan,NC,0.4
Clay,NC,0.6
Cleveland,NC,0.6
Columbus,NC,0.2
Craven,NC,0.6
Cumberland,NC,0.6
Currituck,NC,0.6
Dare,NC,0.6
Davidson,NC,0.6
Davie,NC,0.4
Duplin,NC,0.8
Durham,NC,0.2
Edgecombe,NC,0.6
Forsyth,NC,0.8
Franklin,NC,0.4
Gaston,NC,0.6
Gates,NC,0.6
Graham,NC,0.4
Granville,NC,0.8
Greene,NC,0.6
Guilford,NC,0.8
Halifax,NC,0.6
Harnett,NC,0.4
Haywood,NC,0.4
Henderson,NC,0.6
Hertford,NC,0.4
Hoke,NC,0.2
Hyde,NC,0.6
Iredell,NC,0.6
Jackson,NC,0.8
Johnston,NC,0.6
Jones,NC,0.6
Lee,NC,0.4
Lenoir,NC,0.4
Lincoln,NC,0.0
McDowell,NC,0.6
Macon,NC,0.8
Madison,NC,0.6
Martin,NC,0.8
Mecklenburg,NC,0.6
Mitchell,NC,0.6
Montgomery,NC,0.6
Moore,NC,0.6
Nash,NC,0.8
New Hanover,NC,0.6
Northampton,NC,0.4
Onslow,NC,0.6
Orange,NC,0.4
Pamlico,NC,0.6
Pasquotank,NC,0.0
Pender,NC,0.6
Perquimans,NC,0.6
Person,NC,0.8
Pitt,NC,0.8
Polk,NC,0.6
Randolph,NC,0.6
Richmond,NC,0.4
Robeson,NC,0.6
Rockingham,NC,0.6
Rowan,NC,0.6
Rutherford,NC,0.4
Sampson,NC,0.2
Scotland,NC,0.4
Stanly,NC,0.4
Stokes,NC,0.4
Surry,NC,0.2
Swain,NC,0.6
Transylvania,NC,0.4
Tyrrell,NC,0.4
Union,NC,0.6
Vance,NC,0.2
Wake,NC,0.8
Warren,NC,0.4
Washington,NC,0.4
Watauga,NC,0.4
Wayne,NC,0.6
Wilkes,NC,0.4
Wilson,NC,0.8
Yadkin,NC,0.4
Yancey,NC,0.6
Adams,ND,0.6
Barnes,ND,0.6
Benson,ND,0.2
Billings,ND,0.2
Bottineau,ND,0.4
Bowman,ND,0.4
Burke,ND,0.6
Burleigh,ND,0.4
Cass,ND,0.8
Cavalier,ND,0.4
Dickey,ND,0.2
Divide,ND,0.6
Dunn,ND,0.4
Eddy,ND,0.8
Emmons,ND,0.4
Foster,ND,0.2
Golden Valley,ND,0.4
Grand Forks,ND,0.8
Grant,ND,0.4
Griggs,ND,0.6
Hettinger,ND,0.2
Kidder,ND,0.4
LaMoure,ND,0.4
Logan,ND,0.6
McHenry,ND,0.6
McIntosh,ND,0.2
McKenzie,ND,0.4
McLean,ND,0.6
Mercer,ND,0.4
Morton,ND,0.4
Mountrail,ND,0.8
Nelson,ND,0.2
Oliver,ND,0.6
Pembina,ND,0.4
Pierce,ND,0.4
Ramsey,ND,0.6
Ransom,ND,0.6
Renville,ND,0.6
Richland,ND,0.6
Rolette,ND,0.4
Sargent,ND,0.2
Sheridan,ND,0.4
Sioux,ND,0.2
Slope,ND,0.2
Stark,ND,0.6
Steele,ND,0.8
Stutsman,ND,0.6
Towner,ND,0.8
Traill,ND,0.8
Walsh,ND,0.6
Ward,ND,0.2
Wells,ND,0.4
Williams,ND,0.4
Adams,OH,0.6
Allen,OH,0.6
Ashland,OH,0.4
Ashtabula,OH,0.6
Athens,OH,0.2
Auglaize,OH,0.4
Belmont,OH,0.2
Brown,OH,0.4
Butler,OH,0.6
Carroll,OH,0.6
Champaign,OH,0.6
Clark,OH,0.4
Clermont,OH,0.6
Clinton,OH,0.6
Columbiana,OH,0.6
Coshocton,OH,0.4
Crawford,OH,0.4
Cuyahoga,OH,0.4
Darke,OH,0.4
Defiance,OH,0.6
Delaware,OH,0.6
Erie,OH,0.6
Fairfield,OH,0.6
Fayette,OH,0.6
Franklin,OH,0.4
Fulton,OH,0.4
Gallia,OH,0.6
Geauga,OH,0.6
Greene,OH,0.6
Guernsey,OH,0.4
Hamilton,OH,0.8
Hancock,OH,0.2
Hardin,OH,0.6
Harrison,OH,0.6
Henry,OH,0.6
Highland,OH,0.6
Hocking,OH,0.6
Holmes,OH,0.6
Huron,OH,0.2
Jackson,OH,0.6
Jefferson,OH,0.2
Knox,OH,0.0
Lake,OH,0.8
Lawrence,OH,0.4
Licking,OH,0.6
Logan,OH,0.4
Lorain,OH,0.4
Lucas,OH,0.6
Madison,OH,0.6
Mahoning,OH,0.4
Marion,OH,0.4
Medina,OH,0.6
Meigs,OH,0.6
Mercer,OH,0.4
Miami,OH,0.6
Monroe,OH,0.4
Montgomery,OH,0.6
Morgan,OH,0.6
Morrow,OH,0.4
Muskingum,OH,0.6
Noble,OH,0.6
Ottawa,OH,0.8
Paulding,OH,0.6
Perry,OH,0.4
Pickaway,OH,0.4
Pike,OH,0.6
Portage,OH,0.6
Preble,OH,0.4
Putnam,OH,0.4
Richland,OH,0.6
Ross,OH,0.6
Sandusky,OH,0.8
Scioto,OH,0.4
Seneca,OH,0.2
Shelby,OH,0.4
Stark,OH,0.8
Summit,OH,0.6
Trumbull,OH,0.6
Tuscarawas,OH,0.8
Union,OH,0.4
Van Wert,OH,0.2
Vinton,OH,0.6
Warren,OH,0.6
Washington,OH,0.4
Wayne,OH,0.6
Williams,OH,0.4
Wood,OH,1.0
Wyandot,OH,0.6
Adair,OK,0.6
Alfalfa,OK,0.4
Atoka,OK,0.4
Beaver,OK,0.6
Beckham,OK,0.4
Blaine,OK,0.6
Bryan,OK,0.4
Caddo,OK,0.6
Canadian,OK,0.2
Carter,OK,0.6
Cherokee,OK,0.4
Choctaw,OK,0.4
Cimarron,OK,0.6
Cleveland,OK,0.6
Coal,OK,0.8
Comanche,OK,0.6
Cotton,OK,0.6
Craig,OK,0.6
Creek,OK,0.4
Custer,OK,0.6
Delaware,OK,0.6
Dewey,OK,0.4
Ellis,OK,0.6
Garfield,OK,0.4
Garvin,OK,0.6
Grady,OK,0.4
Grant,OK,0.4
Greer,OK,0.4
Harmon,OK,0.6
Harper,OK,0.4
Haskell,OK,0.2
Hughes,OK,0.2
Jackson,OK,0.6
Jefferson,OK,0.8
Johnston,OK,0.4
Kay,OK,0.4
Kingfisher,OK,0.6
Kiowa,OK,0.4
Latimer,OK,0.2
Le Flore,OK,0.6
Lincoln,OK,0.4
Logan,OK,0.6
Love,OK,0.4
McClain,OK,0.6
McCurtain,OK,0.6
McIntosh,OK,0.4
Major,OK,0.4
Marshall,OK,0.6
Mayes,OK,0.6
Murray,OK,0.6
Muskogee,OK,0.4
Noble,OK,0.4
Nowata,OK,0.4
Okfuskee,OK,0.4
Oklahoma,OK,0.2
Okmulgee,OK,0.4
Osage,OK,0.6
Ottawa,OK,0.4
Pawnee,OK,0.6
Payne,OK,0.4
Pittsburg,OK,0.6
Pontotoc,OK,0.4
Pottawatomie,OK,0.4
Pushmataha,OK,0.4
Roger Mills,OK,0.6
Rogers,OK,0.6
Seminole,OK,0.6
Sequoyah,OK,0.4
Stephens,OK,0.4
Texas,OK,0.8
Tillman,OK,0.6
Tulsa,OK,0.4
Wagoner,OK,0.4
Washington,OK,0.4
Washita,OK,0.6
Woods,OK,0.6
Woodward,OK,0.4
Baker,OR,0.6
Benton,OR,0.4
Clackamas,OR,0.8
Clatsop,OR,0.4
Columbia,OR,0.8
Coos,OR,0.6
Crook,OR,0.6
Curry,OR,0.6
Deschutes,OR,0.6
Douglas,OR,0.6
Gilliam,OR,0.6
Grant,OR,0.2
Harney,OR,0.4
Hood River,OR,0.4
Jackson,OR,0.8
Jefferson,OR,0.6
Josephine,OR,0.6
Klamath,OR,0.4
Lake,OR,0.4
Lane,OR,0.4
Lincoln,OR,0.2
Linn,OR,0.6
Malheur,OR,0.6
Marion,OR,0.8
Morrow,OR,0.6
Multnomah,OR,0.6
Polk,OR,0.6
Sherman,OR,0.6
Tillamook,OR,1.0
Umatilla,OR,0.4
Union,OR,0.6
Wallowa,OR,0.4
Wasco,OR,0.8
Washington,OR,0.2
Wheeler,OR,0.6
Yamhill,OR,0.6
Adams,PA,0.6
Allegheny,PA,0.4
Armstrong,PA,0.6
Beaver,PA,0.2
Bedford,PA,0.4
Berks,PA,0.8
Blair,PA,0.6
Bradford,PA,0.2
Bucks,PA,0.4
Butler,PA,0.6
Cambria,PA,0.6
Cameron,PA,0.4
Carbon,PA,0.6
Centre,PA,0.8
Chester,PA,0.4
Clarion,PA,0.6
Clearfield,PA,0.4
Clinton,PA,0.4
Columbia,PA,0.2
Crawford,PA,0.6
Cumberland,PA,0.6
Dauphin,PA,0.8
Delaware,PA,0.4
Elk,PA,0.6
Erie,PA,0.6
Fayette,PA,0.2
Forest,PA,0.2
Franklin,PA,0.6
Fulton,PA,0.4
Greene,PA,0.2
Huntingdon,PA,0.4
Indiana,PA,0.6
Jefferson,PA,0.4
Juniata,PA,0.6
Lackawanna,PA,0.4
Lancaster,PA,0.4
Lawrence,PA,0.4
Lebanon,PA,0.6
Lehigh,PA,0.4
Luzerne,PA,0.6
Lycoming,PA,0.6
McKean,PA,0.2
Mercer,PA,0.4
Mifflin,PA,0.6
Monroe,PA,0.8
Montgomery,PA,0.4
Montour,PA,0.6
Northampton,PA,0.6
Northumberland,PA,0.4
Perry,PA,0.4
Philadelphia,PA,0.2
Pike,PA,0.2
Potter,PA,0.6
Schuylkill,PA,0.6
Snyder,PA,0.4
Somerset,PA,0.6
Sullivan,PA,0.4
Susquehanna,PA,0.4
Tioga,PA,0.6
Union,PA,0.2
Venango,PA,0.4
Warren,PA,0.4
Washington,PA,0.2
Wayne,PA,0.4
Westmoreland,PA,0.6
Wyoming,PA,0.6
York,PA,0.6
Bristol,RI,0.6
Kent,RI,0.6
Newport,RI,0.4
Providence,RI,0.6
Washington,RI,0.4
Abbeville,SC,0.6
Aiken,SC,0.6
Allendale,SC,0.6
Anderson,SC,0.6
Bamberg,SC,0.4
Barnwell,SC,1.0
Beaufort,SC,0.6
Berkeley,SC,0.6
Calhoun,SC,1.0
Charleston,SC,0.8
Cherokee,SC,0.6
Chester,SC,0.8
Chesterfield,SC,0.6
Clarendon,SC,0.4
Colleton,SC,1.0
Darlington,SC,0.8
Dillon,SC,0.4
Dorchester,SC,0.6
Edgefield,SC,0.6
Fairfield,SC,0.4
Florence,SC,0.6
Georgetown,SC,0.4
Greenville,SC,0.6
Greenwood,SC,0.2
Hampton,SC,0.4
Horry,SC,0.6
Jasper,SC,0.4
Kershaw,SC,0.2
Lancaster,SC,0.2
Laurens,SC,0.0
Lee,SC,0.4
Lexington,SC,0.6
McCormick,SC,0.6
Marion,SC,0.4
Marlboro,SC,0.4
Newberry,SC,0.4
Oconee,SC,0.4
Orangeburg,SC,0.4
Pickens,SC,0.4
Richland,SC,0.2
Saluda,SC,0.6
Spartanburg,SC,0.6
Sumter,SC,0.6
Union,SC,0.6
Williamsburg,SC,0.0
York,SC,0.6
Aurora,SD,0.4
Beadle,SD,0.6
Bennett,SD,0.6
Bon Homme,SD,0.4
Brookings,SD,0.8
Brown,SD,0.6
Brule,SD,0.6
Buffalo,SD,0.4
Butte,SD,0.2
Campbell,SD,0.6
Charles Mix,SD,0.4
Clark,SD,0.4
Clay,SD,0.4
Codington,SD,0.6
Corson,SD,0.8
Custer,SD,0.4
Davison,SD,0.6
Day,SD,0.6
Deuel,SD,0.2
Dewey,SD,0.2
Douglas,SD,0.4
Edmunds,SD,0.4
Fall River,SD,0.4
Faulk,SD,0.6
Grant,SD,0.4
Gregory,SD,0.4
Haakon,SD,0.4
Hamlin,SD,0.4
Hand,SD,0.4
Hanson,SD,0.6
Harding,SD,0.6
Hughes,SD,0.6
Hutchinson,SD,0.6
Hyde,SD,0.6
Jackson,SD,0.6
Jerauld,SD,0.6
Jones,SD,0.4
Kingsbury,SD,0.4
Lake,SD,0.8
Lawrence,SD,0.6
Lincoln,SD,0.6
Lyman,SD,0.4
McCook,SD,0.4
McPherson,SD,0.2
Marshall,SD,0.2
Meade,SD,0.6
Mellette,SD,0.6
Miner,SD,0.8
Minnehaha,SD,0.8
Moody,SD,0.8
Pennington,SD,0.6
Perkins,SD,0.4
Potter,SD,0.2
Roberts,SD,0.8
Sanborn,SD,0.6
Oglala Lakota,SD,0.6
Spink,SD,0.4
Stanley,SD,0.6
Sully,SD,0.6
Todd,SD,0.4
Tripp,SD,0.4
Turner,SD,0.4
Union,SD,0.6
Walworth,SD,0.4
Yankton,SD,0.6
Ziebach,SD,0.8
Anderson,TN,0.4
Bedford,TN,0.6
Benton,TN,0.2
Bledsoe,TN,0.4
Blount,TN,0.6
Bradley,TN,0.4
Campbell,TN,0.4
Cannon,TN,0.4
Carroll,TN,0.6
Carter,TN,0.4
Cheatham,TN,0.8
Chester,TN,0.6
Claiborne,TN,0.6
Clay,TN,0.0
Cocke,TN,0.6
Coffee,TN,0.6
Crockett,TN,0.4
Cumberland,TN,0.4
Davidson,TN,0.6
Decatur,TN,0.2
DeKalb,TN,0.4
Dickson,TN,0.4
Dyer,TN,0.4
Fayette,TN,0.8
Fentress,TN,0.6
Franklin,TN,0.6
Gibson,TN,0.4
Giles,TN,0.4
Grainger,TN,0.6
Greene,TN,0.4
Grundy,TN,0.0
Hamblen,TN,0.4
Hamilton,TN,0.6
Hancock,TN,0.4
Hardeman,TN,0.6
Hardin,TN,0.6
Hawkins,TN,0.4
Haywood,TN,0.4
Henderson,TN,0.6
Henry,TN,0.4
Hickman,TN,0.4
Houston,TN,0.4
Humphreys,TN,0.2
Jackson,TN,0.4
Jefferson,TN,0.6
Johnson,TN,0.4
Knox,TN,0.6
Lake,TN,0.6
Lauderdale,TN,0.2
Lawrence,TN,0.8
Lewis,TN,0.2
Lincoln,TN,0.4
Loudon,TN,0.4
McMinn,TN,0.4
McNairy,TN,0.6
Macon,TN,0.6
Madison,TN,0.6
Marion,TN,0.4
Marshall,TN,0.4
Maury,TN,0.6
Meigs,TN,0.4
Monroe,TN,0.6
Montgomery,TN,0.6
Moore,TN,0.8
Morgan,TN,0.6
Obion,TN,0.6
Overton,TN,0.2
Perry,TN,0.2
Pickett,TN,0.6
Polk,TN,0.6
Putnam,TN,0.8
Rhea,TN,0.6
Roane,TN,0.4
Robertson,TN,0.6
Rutherford,TN,0.6
Scott,TN,0.4
Sequatchie,TN,0.6
Sevier,TN,0.4
Shelby,TN,0.4
Smith,TN,0.2
Stewart,TN,0.2
Sullivan,TN,0.6
Sumner,TN,0.6
Tipton,TN,0.4
Trousdale,TN,0.2
Unicoi,TN,0.6
Union,TN,0.6
Van Buren,TN,0.6
Warren,TN,0.4
Washington,TN,0.6
Wayne,TN,0.4
Weakley,TN,0.6
White,TN,0.4
Williamson,TN,0.6
Wilson,TN,0.6
Anderson,TX,0.6
Andrews,TX,0.4
Angelina,TX,0.4
Aransas,TX,0.6
Archer,TX,0.4
Armstrong,TX,0.8
Atascosa,TX,0.6
Austin,TX,0.6
Bailey,TX,0.4
Bandera,TX,0.6
Bastrop,TX,0.4
Baylor,TX,0.4
Bee,TX,0.6
Bell,TX,0.6
Bexar,TX,0.8
Blanco,TX,0.4
Borden,TX,0.4
Bosque,TX,0.6
Bowie,TX,0.4
Brazoria,TX,0.6
Brazos,TX,0.6
Brewster,TX,0.8
Briscoe,TX,0.4
Brooks,TX,0.6
Brown,TX,0.6
Burleson,TX,0.6
Burnet,TX,0.6
Caldwell,TX,0.6
Calhoun,TX,0.6
Callahan,TX,0.6
Cameron,TX,0.6
Camp,TX,0.6
Carson,TX,0.6
Cass,TX,0.6
Castro,TX,0.4
Chambers,TX,0.6
Cherokee,TX,0.6
Childress,TX,0.4
Clay,TX,0.6
Cochran,TX,0.6
Coke,TX,0.4
Coleman,TX,0.4
Collin,TX,0.2
Collingsworth,TX,0.4
Colorado,TX,0.6
Comal,TX,0.2
Comanche,TX,0.6
Concho,TX,0.6
Cooke,TX,0.4
Coryell,TX,0.4
Cottle,TX,0.4
Crane,TX,0.2
Crockett,TX,0.6
Crosby,TX,0.4
Culberson,TX,0.6
Dallam,TX,0.4
Dallas,TX,0.8
Dawson,TX,0.4
Deaf Smith,TX,0.6
Delta,TX,0.4
Denton,TX,0.6
Dewitt,TX,0.6
Dickens,TX,0.6
Dimmit,TX,0.2
Donley,TX,0.4
Duval,TX,0.2
Eastland,TX,0.6
Ector,TX,0.6
Edwards,TX,0.6
Ellis,TX,0.6
El Paso,TX,0.2
Erath,TX,0.8
Falls,TX,0.6
Fannin,TX,0.6
Fayette,TX,0.6
Fisher,TX,0.6
Floyd,TX,0.4
Foard,TX,0.6
Fort Bend,TX,0.6
Franklin,TX,0.6
Freestone,TX,0.6
Frio,TX,0.6
Gaines,TX,0.4
Galveston,TX,0.6
Garza,TX,0.4
Gillespie,TX,0.6
Glasscock,TX,0.8
Goliad,TX,0.4
Gonzales,TX,0.6
Gray,TX,0.6
Grayson,TX,0.6
Gregg,TX,0.6
Grimes,TX,0.6
Guadalupe,TX,0.4
Hale,TX,0.6
Hall,TX,0.6
Hamilton,TX,0.4
Hansford,TX,0.4
Hardeman,TX,0.6
Hardin,TX,0.4
Harris,TX,0.8
Harrison,TX,0.4
Hartley,TX,0.6
Haskell,TX,0.6
Hays,TX,0.6
Hemphill,TX,0.4
Henderson,TX,0.4
Hidalgo,TX,0.6
Hill,TX,0.4
Hockley,TX,0.6
Hood,TX,0.4
Hopkins,TX,0.4
Houston,TX,0.6
Howard,TX,0.6
Hudspeth,TX,0.6
Hunt,TX,0.4
Hutchinson,TX,0.4
Irion,TX,0.4
Jack,TX,0.4
Jackson,TX,0.4
Jasper,TX,0.4
Jeff Davis,TX,0.6
Jefferson,TX,0.6
Jim Hogg,TX,0.6
Jim Wells,TX,0.4
Johnson,TX,0.6
Jones,TX,0.4
Karnes,TX,0.6
Kaufman,TX,0.4
Kendall,TX,0.6
Kenedy,TX,0.0
Kent,TX,0.8
Kerr,TX,0.4
Kimble,TX,0.4
King,TX,0.4
Kinney,TX,0.4
Kleberg,TX,0.8
Knox,TX,0.4
Lamar,TX,0.6
Lamb,TX,0.4
Lampasas,TX,0.6
La Salle,TX,0.8
Lavaca,TX,0.6
Lee,TX,0.6
Leon,TX,0.4
Liberty,TX,0.4
Limestone,TX,0.6
Lipscomb,TX,0.4
Live Oak,TX,0.6
Llano,TX,0.6
Loving,TX,0.6
Lubbock,TX,0.6
Lynn,TX,0.4
McCulloch,TX,0.4
McLennan,TX,0.6
McMullen,TX,0.4
Madison,TX,0.6
Marion,TX,0.6
Martin,TX,0.4
Mason,TX,0.4
Matagorda,TX,0.6
Maverick,TX,0.6
Medina,TX,0.6
Menard,TX,0.6
Midland,TX,0.6
Milam,TX,0.6
Mills,TX,0.4
Mitchell,TX,0.4
Montague,TX,0.4
Montgomery,TX,0.6
Moore,TX,0.8
Morris,TX,0.4
Motley,TX,1.0
Nacogdoches,TX,0.4
Navarro,TX,0.6
Newton,TX,0.4
Nolan,TX,0.6
Nueces,TX,0.6
Ochiltree,TX,0.4
Oldham,TX,0.6
Orange,TX,0.8
Palo Pinto,TX,0.6
Panola,TX,0.6
Parker,TX,0.2
Parmer,TX,0.4
Pecos,TX,0.6
Polk,TX,0.4
Potter,TX,0.4
Presidio,TX,0.6
Rains,TX,0.6
Randall,TX,0.4
Reagan,TX,0.6
Real,TX,0.4
Red River,TX,0.6
Reeves,TX,0.6
Refugio,TX,0.8
Roberts,TX,0.4
Robertson,TX,0.4
Rockwall,TX,0.4
Runnels,TX,0.4
Rusk,TX,0.4
Sabine,TX,0.6
San Augustine,TX,0.4
San Jacinto,TX,0.6
San Patricio,TX,0.4
San Saba,TX,0.4
Schleicher,TX,0.4
Scurry,TX,0.4
Shackelford,TX,0.6
Shelby,TX,0.6
Sherman,TX,0.4
Smith,TX,0.6
Somervell,TX,0.4
Starr,TX,0.2
Stephens,TX,0.4
Sterling,TX,0.4
Stonewall,TX,0.6
Sutton,TX,0.4
Swisher,TX,0.4
Tarrant,TX,0.6
Taylor,TX,0.8
Terrell,TX,0.6
Terry,TX,0.2
Throckmorton,TX,0.4
Titus,TX,0.6
Tom Green,TX,0.2
Travis,TX,0.6
Trinity,TX,0.6
Tyler,TX,0.6
Upshur,TX,0.6
Upton,TX,0.2
Uvalde,TX,0.6
Val Verde,TX,0.8
Van Zandt,TX,0.4
Victoria,TX,0.4
Walker,TX,0.6
Waller,TX,0.4
Ward,TX,0.6
Washington,TX,0.8
Webb,TX,0.4
Wharton,TX,0.4
Wheeler,TX,0.6
Wichita,TX,0.4
Wilbarger,TX,0.6
Willacy,TX,0.4
Williamson,TX,0.4
Wilson,TX,0.6
Winkler,TX,0.4
Wise,TX,0.4
Wood,TX,0.6
Yoakum,TX,0.4
Young,TX,0.6
Zapata,TX,0.2
Zavala,TX,0.6
Beaver,UT,0.4
Box Elder,UT,0.4
Cache,UT,0.2
Carbon,UT,0.6
Daggett,UT,0.6
Davis,UT,0.6
Duchesne,UT,0.6
Emery,UT,0.4
Garfield,UT,0.4
Grand,UT,0.8
Iron,UT,0.4
Juab,UT,0.4
Kane,UT,0.4
Millard,UT,0.2
Morgan,UT,0.2
Piute,UT,0.8
Rich,UT,0.6
Salt Lake,UT,0.6
San Juan,UT,0.6
Sanpete,UT,0.8
Sevier,UT,0.4
Summit,UT,0.8
Tooele,UT,0.6
Uintah,UT,0.6
Utah,UT,0.6
Wasatch,UT,0.6
Washington,UT,0.4
Wayne,UT,0.6
Weber,UT,0.6
Addison,VT,0.4
Bennington,VT,0.2
Caledonia,VT,0.6
Chittenden,VT,0.4
Essex,VT,1.0
Franklin,VT,0.2
Grand Isle,VT,0.4
Lamoille,VT,0.4
Orange,VT,0.6
Orleans,VT,0.6
Rutland,VT,0.4
Washington,VT,0.2
Windham,VT,0.6
Windsor,VT,0.2
Accomack,VA,0.6
Albemarle,VA,0.6
Alleghany,VA,0.6
Amelia,VA,0.6
Amherst,VA,0.6
Appomattox,VA,0.6
Arlington,VA,0.4
Augusta,VA,0.4
Bath,VA,0.2
Bedford,VA,0.4
Bland,VA,0.4
Botetourt,VA,0.6
Brunswick,VA,0.4
Buchanan,VA,0.2
Buckingham,VA,1.0
Campbell,VA,0.4
Caroline,VA,0.8
Carroll,VA,0.4
Charles City,VA,0.4
Charlotte,VA,0.6
Chesterfield,VA,0.6
Clarke,VA,0.6
Craig,VA,0.4
Culpeper,VA,0.6
Cumberland,VA,0.6
Dickenson,VA,0.2
Dinwiddie,VA,0.6
Essex,VA,1.0
Fairfax,VA,0.6
Fauquier,VA,0.4
Floyd,VA,0.6
Fluvanna,VA,0.6
Franklin,VA,0.4
Frederick,VA,0.2
Giles,VA,0.6
Gloucester,VA,0.6
Goochland,VA,0.6
Grayson,VA,0.6
Greene,VA,0.6
Greensville,VA,0.4
Halifax,VA,0.6
Hanover,VA,0.6
Henrico,VA,0.8
Henry,VA,0.0
Highland,VA,0.6
Isle of Wight,VA,0.8
James City,VA,0.4
King and Queen,VA,0.8
King George,VA,0.6
King William,VA,0.6
Lancaster,VA,0.6
Lee,VA,0.6
Loudoun,VA,1.0
Louisa,VA,0.4
Lunenburg,VA,0.6
Madison,VA,0.6
Mathews,VA,0.6
Mecklenburg,VA,0.6
Middlesex,VA,0.6
Montgomery,VA,0.6
Nelson,VA,0.8
New Kent,VA,0.6
Northampton,VA,0.4
Northumberland,VA,0.6
Nottoway,VA,0.6
Orange,VA,0.4
Page,VA,0.6
Patrick,VA,0.6
Pittsylvania,VA,0.0
Powhatan,VA,0.8
Prince Edward,VA,0.6
Prince George,VA,0.6
Prince William,VA,0.8
Pulaski,VA,0.4
Rappahannock,VA,0.6
Richmond,VA,0.4
Roanoke,VA,0.4
Rockbridge,VA,0.6
Rockingham,VA,0.0
Russell,VA,0.4
Scott,VA,0.6
Shenandoah,VA,0.6
Smyth,VA,0.6
Southampton,VA,0.4
Spotsylvania,VA,0.6
Stafford,VA,0.6
Surry,VA,0.4
Sussex,VA,0.4
Tazewell,VA,0.6
Warren,VA,0.4
Washington,VA,0.4
Westmoreland,VA,1.0
Wise,VA,0.6
Wythe,VA,0.4
York,VA,0.4
Alexandria,VA,0.4
Bristol,VA,0.6
Buena Vista,VA,0.4
Charlottesville,VA,0.4
Chesapeake,VA,1.0
Colonial Heights,VA,0.6
Covington,VA,0.4
Danville,VA,0.4
Emporia,VA,0.6
Falls Church,VA,0.4
Fredericksburg,VA,0.4
Galax,VA,0.2
Hampton,VA,0.4
Harrisonburg,VA,1.0
Hopewell,VA,0.8
Lexington,VA,0.8
Lynchburg,VA,0.6
Manassas,VA,0.8
Manassas Park,VA,0.8
Martinsville,VA,0.4
Newport News,VA,0.4
Norfolk,VA,0.4
Norton,VA,0.2
Petersburg,VA,0.2
Poquoson,VA,0.6
Portsmouth,VA,0.4
Radford,VA,0.8
Salem,VA,0.6
Staunton,VA,0.8
Suffolk,VA,0.6
Virginia Beach,VA,0.6
Waynesboro,VA,0.6
Williamsburg,VA,0.6
Winchester,VA,0.8
Adams,WA,0.6
Asotin,WA,0.6
Benton,WA,0.6
Chelan,WA,0.4
Clallam,WA,1.0
Clark,WA,0.8
Columbia,WA,0.4
Cowlitz,WA,0.6
Douglas,WA,0.6
Ferry,WA,0.4
Franklin,WA,0.6
Garfield,WA,0.6
Grant,WA,0.4
Grays Harbor,WA,0.6
Island,WA,0.8
Jefferson,WA,0.4
King,WA,0.4
Kitsap,WA,0.4
Kittitas,WA,0.4
Klickitat,WA,0.8
Lewis,WA,0.2
Lincoln,WA,0.6
Mason,WA,0.6
Okanogan,WA,0.6
Pacific,WA,0.6
Pend Oreille,WA,0.6
Pierce,WA,0.4
San Juan,WA,0.4
Skagit,WA,0.8
Skamania,WA,0.8
Snohomish,WA,0.4
Spokane,WA,0.2
Stevens,WA,0.4
Thurston,WA,0.4
Wahkiakum,WA,0.4
Walla Walla,WA,0.2
Whatcom,WA,0.6
Whitman,WA,0.6
Yakima,WA,0.6
Barbour,WV,0.6
Berkeley,WV,0.4
Boone,WV,0.4
Braxton,WV,0.4
Brooke,WV,0.2
Cabell,WV,0.6
Calhoun,WV,0.8
Clay,WV,0.6
Doddridge,WV,0.4
Fayette,WV,0.0
Gilmer,WV,0.6
Grant,WV,0.4
Greenbrier,WV,0.6
Hampshire,WV,0.6
Hancock,WV,0.6
Hardy,WV,0.6
Harrison,WV,0.4
Jackson,WV,0.6
Jefferson,WV,0.4
Kanawha,WV,0.4
Lewis,WV,0.6
Lincoln,WV,0.4
Logan,WV,0.2
McDowell,WV,0.4
Marion,WV,0.6
Marshall,WV,0.6
Mason,WV,0.6
Mercer,WV,0.4
Mineral,WV,0.6
Mingo,WV,0.2
Monongalia,WV,0.8
Monroe,WV,0.6
Morgan,WV,0.6
Nicholas,WV,0.6
Ohio,WV,0.6
Pendleton,WV,0.4
Pleasants,WV,0.6
Pocahontas,WV,0.4
Preston,WV,0.6
Putnam,WV,0.4
Raleigh,WV,0.6
Randolph,WV,0.6
Ritchie,WV,0.8
Roane,WV,0.6
Summers,WV,0.6
Taylor,WV,0.6
Tucker,WV,0.6
Tyler,WV,0.6
Upshur,WV,0.6
Wayne,WV,0.2
Webster,WV,0.4
Wetzel,WV,0.6
Wirt,WV,0.4
Wood,WV,0.4
Wyoming,WV,0.4
Adams,WI,0.6
Ashland,WI,0.4
Barron,WI,0.6
Bayfield,WI,0.4
Brown,WI,0.8
Buffalo,WI,0.6
Burnett,WI,0.8
Calumet,WI,0.4
Chippewa,WI,0.8
Clark,WI,0.8
Columbia,WI,0.8
Crawford,WI,0.6
Dane,WI,0.6
Dodge,WI,0.6
Door,WI,0.8
Douglas,WI,0.6
Dunn,WI,0.2
Eau Claire,WI,0.4
Florence,WI,0.2
Fond du Lac,WI,0.6
Forest,WI,1.0
Grant,WI,0.4
Green,WI,0.0
Green Lake,WI,0.6
Iowa,WI,0.4
Iron,WI,0.6
Jackson,WI,0.6
Jefferson,WI,0.8
Juneau,WI,1.0
Kenosha,WI,0.6
Kewaunee,WI,0.8
La Crosse,WI,0.4
Lafayette,WI,0.6
Langlade,WI,0.8
Lincoln,WI,1.0
Manitowoc,WI,0.8
Marathon,WI,0.8
Marinette,WI,0.4
Marquette,WI,1.0
Menominee,WI,0.4
Milwaukee,WI,0.4
Monroe,WI,0.2
Oconto,WI,0.6
Oneida,WI,0.4
Outagamie,WI,0.8
Ozaukee,WI,0.6
Pepin,WI,0.6
Pierce,WI,0.0
Polk,WI,0.4
Portage,WI,0.4
Price,WI,0.8
Racine,WI,1.0
Richland,WI,1.0
Rock,WI,0.4
Rusk,WI,0.8
St. Croix,WI,0.6
Sauk,WI,0.6
Sawyer,WI,1.0
Shawano,WI,0.4
Sheboygan,WI,0.6
Taylor,WI,0.6
Trempealeau,WI,0.6
Vernon,WI,0.6
Vilas,WI,0.6
Walworth,WI,0.6
Washburn,WI,0.8
Washington,WI,0.6
Waukesha,WI,0.4
Waupaca,WI,0.4
Waushara,WI,0.8
Winnebago,WI,1.0
Wood,WI,0.8
Albany,WY,0.8
Big Horn,WY,0.4
Campbell,WY,0.6
Carbon,WY,0.6
Converse,WY,0.4
Crook,WY,0.6
Fremont,WY,0.4
Goshen,WY,0.4
Hot Springs,WY,0.4
Johnson,WY,0.4
Laramie,WY,0.6
Lincoln,WY,0.6
Natrona,WY,0.2
Niobrara,WY,0.6
Park,WY,0.6
Platte,WY,0.4
Sheridan,WY,0.8
Sublette,WY,0.4
Sweetwater,WY,0.6
Teton,WY,0.6
Uinta,WY,0.6
Washakie,WY,0.2
Weston,WY,0.6
District 1,AK,0.6
District 2,AK,0.6
District 3,AK,0.4
District 4,AK,0.4
District 5,AK,0.6
District 6,AK,0.6
District 7,AK,0.6
District 8,AK,0.8
District 9,AK,0.6
District 10,AK,0.6
District 11,AK,0.6
District 12,AK,0.6
District 13,AK,0.4
District 14,AK,0.4
District 15,AK,0.6
District 16,AK,0.4
District 17,AK,0.4
District 18,AK,0.6
District 19,AK,0.6
District 20,AK,0.4
District 21,AK,0.4
District 22,AK,0.8
District 23,AK,0.8
District 24,AK,0.6
District 25,AK,0.8
District 26,AK,0.8
District 27,AK,0.6
District 28,AK,0.6
District 29,AK,0.6
District 30,AK,0.6
District 31,AK,0.8
District 32,AK,0.8
District 33,AK,0.4
District 34,AK,0.6
District 35,AK,0.6
District 36,AK,0.8
District 37,AK,0.6
District 38,AK,0.8
District 39,AK,0.8
District 40,AK,0.6
Broomfield,CO,0.6
Kansas City,MO,0.2
Statewide writein,NA,0.2
Maine UOCAVA,NA,0.2
Federal Precinct,NA,0.0
District 99,NA,0.2
